"Title","Cen_Desf","Fund_Teor","Clar_Res","Ilustr","Repos","Qualid","Total","QP_count","QPs"
"Active Supervised Cross-Modal Retrieval","2","3","3","2","1","2","13","7","QP1,QP2,QP4,QP6,QP7,QS1,QS2"
"Vision-Language Pre-Training with Triple Contrastive Learning","1","3","3","2","1","2","12","4","QP1,QP6,QP7,QS1"
"Learning Structural Representations for Recipe Generation and Food Retrieval","0","2","2","2","1","1","8","6","QP1,QP2,QP6,QP7,QS1,QS2"
"Image-Text Embedding Learning via Visual and Textual Semantic Reasoning","1","2","3","2","1","2","11","7","QP1,QP2,QP5,QP6,QP7,QS1,QS2"
"Fashion Image Retrieval with Text Feedback by Additive Attention","0","2","2","1","0","1","6","3","QP1,QP5,QP6"
"Enhance Composed Image Retrieval via Multi-Level Collaborative Localization","1","3","3","2","0","2","11","3","QP1,QP5,QP6"
"You'll Never Walk Alone: Sketch and Text Duet for Fine-Grained Image Retrieval","2","2","2","2","1","1","10","6","QP1,QP5,QP6,QP7,QS1,QS3"
"SenseRAG: Constructing Environmental Knowledge Bases for LLM-Based Driving","0","2","2","2","0","1","7","3","QP1,QP6,QP7"
"Learning Semantic Structure Correlation for Cross-Modal Retrieval","0","2","2","2","0","1","7","5","QP1,QP2,QP6,QP7,QS2"
"Modality-Aware Representation Learning for Zero-shot Sketch-based Image Retrieval","2","2","2","2","0","1","9","6","QP1,QP3,QP6,QP7,QS2,QS3"
"Non-Contrastive Learning Meets Language-Image Pre-Training","2","3","3","2","1","2","13","7","QP1,QP3,QP5,QP6,QP7,QS1,QS2"
"Learning Customized Visual Models with Retrieval-Augmented Knowledge","2","3","3","2","1","2","13","7","QP1,QP3,QP6,QP7,QS1,QS3,QS4"
"UniRaG: Unification Retrieval and Generation for Multimodal QA","0","2","2","2","0","1","7","4","QP1,QP6,QP7,QS2"
"CoVLR: Coordinating Cross-Modal Consistency and Intra-Modal Relations","1","2","2","2","0","1","8","5","QP1,QP3,QP6,QP7,QS2"
"Enhancing Medical Vision-Language Contrastive Learning via Inter-Matching Relation","1","3","3","2","0","2","11","7","QP1,QP2,QP6,QP7,QS1,QS2,QS4"
"Scaling Dual Stage Image-Text Retrieval with Multimodal LLMs","0","2","3","2","1","2","10","6","QP1,QP6,QP7,QS1,QS2,QS3"
"Dissecting Deep Metric Learning Losses for Image-Text Retrieval","0","2","3","2","1","1","9","4","QP1,QP6,QP7,QS2"
"Multimodal Knowledge Graph VLMs for Precision Retrieval in Embedded Systems","1","1","2","1","0","1","6","6","QP1,QP2,QP3,QP6,QP7,QS3"
"Cross-Modal Recipe Retrieval With Fine-Grained Prompting Alignment","1","2","2","2","0","1","8","6","QP1,QP5,QP6,QP7,QS2,QS3"
"TinyCMR: Lightweight Learning Framework for Efficient Cross-Modal Retrieval","0","2","2","2","1","1","8","5","QP1,QP6,QP7,QS1,QS2"
"BCAN: Bidirectional Correct Attention Network for Cross-Modal Retrieval","0","2","2","2","0","1","7","4","QP1,QP6,QP7,QS2"
"Histopathology Cross-Modal Retrieval based on Dual-Transformer Network","2","2","2","1","0","1","8","4","QP1,QP6,QP7,QS4"
"Deep Ranking Distribution Preserving Hashing for Multi-Label Cross-Modal Retrieval","0","2","2","2","0","1","7","3","QP1,QP6,QP7"
"FAME-ViL: Multi-Tasking VLM for Heterogeneous Fashion Tasks","1","3","3","2","1","2","12","5","QP1,QP3,QP6,QP7,QS3"
"Knowledge-Aided Momentum Contrastive Learning for RS Image Text Retrieval","1","2","2","2","0","1","8","4","QP1,QP5,QP6,QP7"
"Region-based Cross-modal Retrieval","0","2","2","2","0","1","7","5","QP1,QP5,QP6,QP7,QS2"
"FashionFAE: Fine-grained Attributes Enhanced Fashion VLP","1","2","2","1","0","1","7","3","QP1,QP6,QP7"
"Person Re-ID With Self-Supervised Teacher for In-Box Noise","2","2","2","2","0","1","9","5","QP1,QP3,QP5,QP6,QP7"
"Understanding and Constructing Latent Modality Structures","0","3","2","2","0","2","9","3","QP1,QP6,QP7"
"Contrasting Intra-Modal and Ranking Cross-Modal Hard Negatives","1","3","3","2","1","2","12","4","QP1,QP6,QP7,QS1"
"NAPReg: Nouns As Proxies Regularization for Cross-Modal Embeddings","1","2","3","2","1","2","11","4","QP1,QP2,QP6,QP7"
"Towards Making a Trojan-Horse Attack on Text-to-Image Retrieval","0","2","2","2","1","1","8","5","QP1,QP6,QP7,QS1,QS2"
"PRIOR: Prototype Representation Joint Learning from Medical Images and Reports","2","3","3","2","1","2","13","7","QP1,QP3,QP6,QP7,QS1,QS3,QS4"
"Cross-modal Semantic Enhanced Interaction for Image-Sentence Retrieval","1","3","3","2","0","2","11","5","QP1,QP2,QP5,QP6,QP7"
"ViLNM: Visual-Language Noise Modeling for Text-to-Image Person Retrieval","0","2","2","2","1","1","8","5","QP1,QP6,QP7,QS1,QS2"
"Multilateral Semantic Relations Modeling for Image Text Retrieval","0","2","2","2","0","1","7","4","QP1,QP2,QP6,QP7"
"Sketch Less for More: On-the-Fly Fine-Grained Sketch-Based Image Retrieval","2","2","2","2","0","1","9","4","QP1,QP5,QP6,QP7"
"Context-Aware Local-Global Semantic Alignment for RS Image-Text Retrieval","1","2","2","2","0","1","8","4","QP1,QP6,QP7,QS2"
"Object Prior Embedded Network for Query-Agnostic Image Retrieval","1","2","2","2","0","1","8","5","QP1,QP6,QP7,QS2,QS3"
"MobileCLIP: Fast Image-Text Models through Multi-Modal Reinforced Training","0","3","3","2","1","2","11","5","QP1,QP3,QP6,QP7,QS2"
"Prompt Tuning Empowering Downstream Tasks in Multimodal Federated Learning","1","2","2","2","0","1","8","4","QP1,QP6,QP7,QS3"
"Global-Local Information Soft-Alignment for Cross-Modal RS Retrieval","1","2","2","2","0","1","8","5","QP1,QP6,QP7,QS2,QS3"
"Knowledge Graph Enhanced Multimodal Transformer for Image-Text Retrieval","1","3","3","2","0","2","11","4","QP1,QP2,QP6,QP7"
"IMRAM: Iterative Matching With Recurrent Attention Memory","0","3","3","2","1","2","11","4","QP1,QP6,QP7,QS2"
"Efficient Token-Guided Image-Text Retrieval With Consistent Multimodal Contrastive","0","2","3","2","1","2","10","3","QP1,QP6,QP7"
"Direction-Oriented Visual-Semantic Embedding for RS Image-Text Retrieval","1","2","2","2","0","1","8","5","QP1,QP5,QP6,QP7,QS2,QS3"
"Neuron-Based Spiking Transmission and Reasoning for Image-Text Retrieval","1","2","2","1","0","1","7","4","QP1,QP6,QP7,QS2"
"Domain Adaptive 3D Shape Retrieval from Monocular Images","1","2","2","1","0","1","7","4","QP1,QP3,QP6,QS2"
"Zero-Shot Composed Image Retrieval with Masked Image-Text Pairs","2","2","2","2","0","1","9","5","QP1,QP5,QP6,QS2,QS3"
"Globetrotter: Connecting Languages by Connecting Images","1","2","2","2","1","2","10","5","QP1,QP6,QP7,QS1,QS2"
"Recognizing Unknown Disaster Scenes With KG-Based Zero-Shot Learning","2","2","2","2","0","1","9","5","QP1,QP2,QP5,QP6,QS3"
"Multimodal Models for Comprehensive Cardiac Diagnostics via ECG","1","2","2","1","0","1","7","4","QP1,QP2,QP6,QP7"
"Substation Equipment Fault Diagnosis Based On Multimodal Large Model","1","1","2","1","0","1","6","4","QP1,QP6,QP7,QS3"
"Language Guided Local Infiltration for Interactive Image Retrieval","1","2","2","1","0","1","7","3","QP1,QP5,QP6"
"CLIP for All Things Zero-Shot Sketch-Based Image Retrieval","2","2","3","2","1","2","12","6","QP1,QP6,QP7,QS1,QS2,QS3"
"HGAN: Hierarchical Graph Alignment Network for Image-Text Retrieval","1","2","2","2","0","1","8","5","QP1,QP2,QP5,QP6,QS2"
"Feature First: Advancing Image-Text Retrieval Through Improved Visual Features","1","2","3","2","1","2","11","6","QP1,QP2,QP5,QP6,QS1,QS2"
"Text-to-Image Diffusion Models are Great Sketch-Photo Matchmakers","2","2","2","2","1","2","11","5","QP1,QP5,QP6,QP7,QS1,QS3"
"A Lightweight Multi-View Knowledge Distillation for Text-Image Retrieval","1","2","2","1","0","1","7","4","QP1,QP6,QP7,QS2"
"Unsupervised Hierarchical Dynamic Similarity Hashing for Multimedia Retrieval","1","2","2","1","1","1","8","4","QP1,QP2,QP6,QS1"
"When CLIP Meets PHOC: Dual-Branch for Historical Document Image Retrieval","1","1","2","1","0","1","6","3","QP1,QP6,QP7"
"Learning Aligned Image-Text Representations Using Graph Attentive Relational Network","1","2","2","2","0","1","8","5","QP1,QP2,QP5,QP6,QS2"
"CLIP goes 3D: Leveraging Prompt Tuning for Language Grounded 3D Recognition","2","2","3","2","1","2","12","7","QP1,QP5,QP6,QP7,QS1,QS2,QS3"
"Dynamic Graph Enhanced Contrastive Learning for CXR Report Generation","2","3","3","2","1","2","13","9","QP1,QP2,QP5,QP6,QP7,QS1,QS2,QS3,QS4"
"Do Vision and Language Encoders Represent the World Similarly?","1","2","2","2","1","2","10","6","QP1,QP2,QP6,QP7,QS1,QS2"
"DeVLBert: Out-of-distribution Visio-Linguistic Pretraining with Causality","2","2","2","2","1","2","11","5","QP1,QP5,QP6,QP7,QS1"
"Quaternion Relation Embedding for Scene Graph Generation","1","3","2","2","0","1","9","6","QP1,QP2,QP6,QP7,QS2,QS3"
"News Image-Text Matching With News Knowledge Graph","1","2","2","1","0","1","7","3","QP1,QP2,QP6"
"Building VLMs on Solid Foundations with Masked Distillation","1","2","2","1","0","1","7","4","QP1,QP3,QP6,QP7"
"Multi-Modal Validation and Domain Interaction Learning for KB-VQA","1","2","2","2","0","1","8","5","QP1,QP2,QP5,QP6,QS2"
"Image Question-Distractors Generation as Conversational Model","1","2","2","1","0","1","7","4","QP1,QP6,QP7,QS3"
"Top-Down Visual Attention from Analysis by Synthesis","1","3","2","2","1","2","11","6","QP1,QP5,QP6,QP7,QS1,QS2"
"Visual Global-Salient-Guided Network for RS Image-Text Retrieval","1","2","2","2","0","1","8","4","QP1,QP5,QP6,QP7,QS2"
"DialCLIP: Empowering CLIP As Multi-Modal Dialog Retriever","1","2","2","1","0","1","7","3","QP1,QP6,QP7"
"Semantic Image Retrieval Using Scene Graphs and Natural Language Queries","1","2","2","1","0","1","7","4","QP1,QP2,QP6,QS2"
"Contrastive Feature Masking Open-Vocabulary Vision Transformer","2","2","3","2","0","2","11","6","QP1,QP5,QP6,QP7,QS2,QS3"
"ViTamin: Designing Scalable Vision Models in the VL Era","1","3","3","2","1","2","12","5","QP1,QP6,QP7,QS1,QS2"
"ConceptHash: Interpretable Fine-Grained Hashing via Concept Discovery","1","2","2","2","1","1","9","4","QP1,QP5,QP6,QS1"
"A Large VLM based Environment Perception System for Visually Impaired People","1","2","2","1","0","1","7","4","QP1,QP6,QP7,QS2"
"Automatic Teaching Platform on VL Retrieval Augmented Generation","1","1","2","1","0","1","6","3","QP1,QP6,QP7"
"QueryAdapter: Rapid Adaptation of VLMs in Response to Natural Language Queries","1","2","2","2","1","2","10","5","QP1,QP6,QP7,QS1,QS2"
"DynamicGSG: Dynamic 3D Gaussian Scene Graphs for Environment Adaptation","1","2","3","2","1","2","11","6","QP1,QP2,QP6,QP7,QS1,QS2"
"Cross-Modal Safety Mechanism Transfer in Large VLMs","2","2","2","2","1","2","11","5","QP1,QP5,QP6,QP7,QS1,QS2"
"Alleviating Hallucination in Large VLMs with Active Retrieval Augmentation","2","2","2","1","0","1","8","4","QP1,QP4,QP6,QP7,QS2"
"HELPER-X: Unified Instructable Embodied Agent","1","2","2","2","1","2","10","5","QP1,QP6,QP7,QS1,QS2"
"LLaVA-Plus: Learning to Use Tools for Creating Multimodal Agents","1","3","3","2","1","2","12","6","QP1,QP5,QP6,QP7,QS1,QS2"
"ProbVLM: Probabilistic Adapter for Frozen VLMs","2","3","3","2","1","2","13","6","QP1,QP4,QP5,QP6,QP7,QS1"
"Group Generalized Mean Pooling for Vision Transformer","1","2","2","2","0","1","8","5","QP1,QP5,QP6,QP7,QS2"
"Retrieval Augmentation for Deep Neural Networks","1","3","3","2","1","2","12","6","QP1,QP5,QP6,QP7,QS1,QS2"
"S-CLIP: Semi-supervised VL Learning using Few Specialist Captions","2","3","3","2","1","2","13","6","QP1,QP3,QP6,QP7,QS1,QS3"
"The Dialog Must Go On: Improving Visual Dialog via Generative Self-Training","1","2","2","1","0","1","7","3","QP1,QP3,QP6"
"CIBR: Cross-modal Information Bottleneck Regularization for CLIP Generalization","1","2","2","1","1","1","8","4","QP1,QP6,QP7,QS2"
"LRSCLIP: VL Foundation Model for RS Image with Longer Text","2","2","2","2","1","2","11","5","QP1,QP5,QP6,QP7,QS2"
"Anatomy-Aware Conditional Image-Text Retrieval","2","2","2","2","1","2","11","6","QP1,QP5,QP6,QP7,QS1,QS4"
"Recurrence-Enhanced VL Transformers for Robust Multimodal Document Retrieval","1","2","2","2","1","2","10","6","QP1,QP5,QP6,QP7,QS1,QS2"
"MedUnifier: Unifying VLP on Medical Data with Vision Generation","1","2","2","2","0","1","8","4","QP1,QP6,QP7,QS4"
"Pathology Report Generation for Cutaneous Melanocytic Lesions","2","2","2","1","0","1","8","4","QP1,QP6,QP7,QS4"
"UniGS: Unified Language-Image-3D Pretraining with Gaussian Splatting","0","2","2","2","0","1","7","3","QP1,QP6,QP7"
"Boosting Weak Positives for Text Based Person Search","1","2","2","1","0","1","7","3","QP1,QP6,QP7"
"Low-rank Prompt Interaction for Continual VL Retrieval","1","2","2","1","0","1","7","3","QP1,QP6,QP7"
"Rebalanced VL Retrieval with Structure-Aware Distillation","1","2","2","2","1","2","10","6","QP1,QP2,QP5,QP6,QP7,QS2"
"Embedding and Enriching Explicit Semantics for VI Person Re-ID","0","2","2","1","0","1","6","3","QP1,QP6,QP7"
"CLIP-PING: Boosting Lightweight VLMs with Proximus Intrinsic Neighbors","2","2","2","2","1","2","11","6","QP1,QP6,QP7,QS2,QS3,QS4"
"COSMOS: Cross-Modality Self-Distillation for VLP","1","2","2","2","1","2","10","5","QP1,QP5,QP6,QP7,QS2"
"Multimodal Whole Slide Foundation Model for Pathology","2","3","3","2","1","2","13","8","QP1,QP3,QP6,QP7,QS1,QS2,QS3,QS4"
"FLEX-CLIP: Feature-Level Generation Network Enhanced CLIP for X-shot Retrieval","2","2","2","1","1","1","9","5","QP1,QP6,QP7,QS2,QS3"
"CLIPS: Enhanced CLIP Framework for Learning with Synthetic Captions","1","2","2","1","1","1","8","4","QP1,QP6,QP7,QS2"
"Uni-Mlip: Unified Self-supervision for Medical VLP","2","2","2","2","1","2","11","5","QP1,QP6,QP7,QS2,QS4"
"NEVLP: Noise-Robust Framework for Efficient VLP","2","2","2","1","1","1","9","5","QP1,QP6,QP7,QS2,QS3"
"Efficient and Versatile Robust Fine-Tuning of Zero-shot Models","1","2","2","1","1","1","8","4","QP1,QP6,QP7,QS2"
"Multi-modal Relation Distillation for Unified 3D Representation","0","2","2","1","1","1","7","4","QP1,QP6,QP7,QS2"
"Elevating All Zero-Shot Sketch-Based Image Retrieval Through Multimodal Prompt","1","2","2","1","1","1","8","4","QP1,QP6,QP7,QS2"
"Distilling Vision-Language Pretraining for Efficient Cross-Modal Retrieval","1","2","2","2","1","2","10","5","QP1,QP5,QP6,QP7,QS2"
"Bridging Vision and Language Spaces with Assignment Prediction","0","2","2","1","1","1","7","4","QP1,QP6,QP7,QS2"
"Cross-Modal Coordination Across a Diverse Set of Input Modalities","1","2","2","2","1","2","10","6","QP1,QP5,QP6,QP7,QS2,QS3"
"Enhancing Image Retrieval: Comprehensive Study on Photo Search using CLIP","1","2","2","2","0","1","8","6","QP1,QP5,QP6,QP7,QS3,QS4"
"CL2CM: Improving Cross-Lingual Cross-Modal Retrieval via Knowledge Transfer","2","2","2","2","1","2","11","6","QP1,QP5,QP6,QP7,QS2,QS3"
"VGSG: Vision-Guided Semantic-Group Network for Text-based Person Search","1","2","2","2","1","1","9","5","QP1,QP5,QP6,QP7,QS2"
"GlobalDoc: Cross-Modal VL Framework for Document Retrieval and Classification","0","2","2","1","0","1","6","3","QP1,QP6,QP7"
"Towards Fast and Accurate Image-Text Retrieval with Self-Supervised Alignment","1","2","2","1","0","1","7","5","QP1,QP2,QP6,QP7"
"DLIP: Distilling Language-Image Pre-training","0","2","2","1","0","1","6","3","QP1,QP6,QP7"
"An Empirical Study of CLIP for Text-based Person Search","0","2","2","1","0","1","6","3","QP1,QP6,QP7"
"Boon: A Neural Search Engine for Cross-Modal Information Retrieval","1","2","2","2","1","1","9","5","QP1,QP2,QP6,QP7,QS1"
"Switch-BERT: Learning to Model Multimodal Interactions","0","2","2","1","0","1","6","3","QP1,QP6,QP7"
"Enhancing Dynamic Image Advertising with Vision-Language Pre-training","0","1","2","1","0","1","5","3","QP1,QP6,QP7"
"Global and Local Semantic Completion Learning for VLP","1","2","2","2","0","1","8","4","QP1,QP5,QP6,QP7"
"Dense and Aligned Captions (DAC) Promote Compositional Reasoning","1","2","2","1","0","1","7","4","QP1,QP6,QP7"
"Weakly Supervised VLP with Relative Representations","2","2","2","1","0","1","8","5","QP1,QP3,QP6,QP7,QS3"
"Continual VL Representation Learning with Off-Diagonal Information","1","2","2","1","1","1","8","4","QP1,QP6,QP7,QS1"
"ImageBind: One Embedding Space To Bind Them All","0","3","3","2","0","2","10","3","QP1,QP6,QP7"
"An Empirical Study of Multimodal Model Merging","0","2","2","1","0","1","6","3","QP1,QP6,QP7"
"VITR: Augmenting Vision Transformers with Relation-Focused Learning","1","2","2","2","0","1","8","5","QP1,QP2,QP6,QP7"
"Position-guided Text Prompt for VLP","1","2","2","2","0","1","8","4","QP1,QP5,QP6,QP7"
"Vision and Structured-Language Pretraining for Cross-Modal Food Retrieval","1","2","2","1","0","1","7","5","QP1,QP6,QP7,QS4"
"SLAN: Self-Locator Aided Network for Cross-Modal Understanding","0","2","2","1","0","1","6","3","QP1,QP6,QP7"
"Seeing What You Miss: VLP with Semantic Completion Learning","1","2","2","2","0","1","8","4","QP1,QP5,QP6,QP7"
"FaD-VLP: Fashion VLP towards Unified Retrieval and Captioning","1","2","2","2","0","1","8","4","QP1,QP3,QP6,QP7"
"Learning by Hallucinating: VLP with Weak Supervision","2","2","2","1","0","1","8","5","QP1,QP3,QP6,QP7,QS3"
"ERNIE-ViL 2.0: Multi-view Contrastive Learning for IT Pre-Training","1","3","3","2","1","2","12","4","QP1,QP6,QP7,QS2"
"Universal VL Dense Retrieval: Unified Representation Space","1","2","2","2","1","1","9","4","QP1,QP6,QP7,QS2"
"Efficient VLP with Visual Concepts and Hierarchical Alignment (ViCHA)","2","3","2","2","1","2","12","7","QP1,QP2,QP5,QP6,QP7,QS3"
"ALADIN: Distilling Fine-grained Alignment Scores for IT Matching","1","2","2","2","1","1","9","4","QP1,QP2,QP6,QP7"
"Intra-Modal Constraint Loss For Image-Text Retrieval","1","2","2","1","1","1","8","5","QP1,QP6,QP7,QS1,QS2"
"Contrastive Cross-Modal Knowledge Sharing Pre-training for VL Retrieval","1","2","2","2","0","1","8","4","QP1,QP2,QP6,QP7"
"Prompt-based Learning for Unpaired Image Captioning","2","2","2","1","0","1","8","3","QP1,QP5,QP6"
"mPLUG: Effective and Efficient VL Learning by Cross-modal Skip-connections","1","3","3","2","1","2","12","3","QP1,QP6,QP7"
"COTS: Collaborative Two-Stream VLP for Cross-Modal Retrieval","1","2","2","2","1","1","9","4","QP1,QP5,QP6,QP7"
"Single-Stream Multi-Level Alignment for VLP","1","2","2","2","0","1","8","4","QP1,QP5,QP6,QP7"
"Unsupervised VLP via Retrieval-based Multi-Granular Alignment","2","2","2","1","0","1","8","3","QP1,QP6,QP7"
"Multi-modal Alignment using Representation Codebook","1","2","2","2","0","1","8","4","QP1,QP5,QP6,QP7"
"Florence: A New Foundation Model for Computer Vision","1","3","3","2","0","2","11","3","QP1,QP6,QP7"
"UFO: UniFied TransfOrmer for VL Representation Learning","1","2","2","2","0","1","8","3","QP1,QP6,QP7"
"VLDeformer: Vision-Language Decomposed Transformer for Fast Cross-Modal Retrieval","1","2","2","2","1","1","9","3","QP1,QP5,QP6"
"Align before Fuse (ALBEF): VL Representation Learning with Momentum Distillation","1","3","3","2","1","2","12","5","QP1,QP5,QP6,QP7"
"Seeing Out of tHe bOx (SOHO): End-to-End Pre-training for VL Representation","1","2","2","2","1","1","9","4","QP1,QP6,QP7"
"UC2: Universal Cross-lingual Cross-modal VLP","1","2","2","2","1","1","9","3","QP1,QP6,QP7"
"LightningDOT: Pre-training Visual-Semantic Embeddings for Real-Time Retrieval","1","2","2","2","1","1","9","3","QP1,QP6,QP7"
"Scaling Up Visual and VL Representation Learning With Noisy Text (ALIGN)","2","3","3","2","0","2","12","5","QP1,QP3,QP6,QP7,QS2"
"Learning to Represent Image and Text with Denotation Graph","1","3","2","2","1","2","11","5","QP1,QP2,QP6,QP7,QS1"
"CAFe: Unifying Representation and Generation with Contrastive-Autoregressive Finetuning","1","2","2","2","0","1","8","3","QP1,QP6,QP7"
"LLaVE: Large Language and Vision Embedding Models with Hardness-Weighted CL","1","2","2","2","1","1","9","3","QP1,QP6,QP7"
"VisTA: VL Alignment for Reliable Alzheimer's Disease Diagnosis","2","3","2","2","1","2","12","6","QP1,QP5,QP6,QP7,QS3,QS4"
"KPL: Training-Free Medical Knowledge Mining of VLMs","2","2","2","2","1","1","10","5","QP1,QP5,QP6,QP7,QS4"
"SCOT: Self-Supervised Contrastive Pretraining For Zero-Shot Compositional Retrieval","1","2","2","1","1","1","8","3","QP1,QP6,QP7"
"Re-ranking the Context for Multimodal Retrieval Augmented Generation","1","2","2","2","1","1","9","4","QP1,QP6,QP7,QS2"
"RAG-Check: Evaluating Multimodal Retrieval Augmented Generation Performance","1","2","2","2","1","1","9","4","QP1,QP6,QP7,QS2"
"Multi-Head Attention Driven Dynamic Visual-Semantic Embedding for IT Matching","1","2","2","2","0","1","8","4","QP1,QP2,QP6,QP7"
"CLIP-GS: Unifying VL Representation with 3D Gaussian Splatting","1","2","2","2","1","1","9","3","QP1,QP6,QP7"
"Leveraging Retrieval-Augmented Tags for Large VL Understanding","1","2","2","1","0","1","7","3","QP1,QP6,QP7"
"jina-clip-v2: Multilingual Multimodal Embeddings for Text and Images","1","2","2","2","1","1","9","3","QP1,QP6,QP7"
"Assessing and Learning Alignment of Unimodal VL Models","1","2","2","1","0","1","7","3","QP1,QP6,QP7"
"FLAIR: VLM with Fine-grained Language-informed Image Representations","1","3","2","2","1","2","11","5","QP1,QP6,QP7,QS1,QS4"
"LamRA: Large Multimodal Model as Your Advanced Retrieval Assistant","1","2","2","2","1","1","9","4","QP1,QP6,QP7,QS1"
"Identifying Implicit Social Biases in VLMs","1","2","2","1","0","1","7","3","QP1,QP6,QP7"
"An Information Criterion for Controlled Disentanglement of Multimodal Data","2","3","2","1","0","1","9","5","QP1,QP3,QP6,QS4"
"Vision Search Assistant: Empower VLMs as Multimodal Search Engines","1","2","2","2","1","1","9","4","QP1,QP2,QP6,QP7"
"MMed-RAG: Versatile Multimodal RAG System for Medical VLMs","2","2","2","2","1","2","11","5","QP1,QP6,QP7,QS2,QS4"
"CtrlSynth: Controllable Image Text Synthesis for Data-Efficient Multimodal","2","2","2","2","1","1","10","5","QP1,QP6,QP7,QS2,QS4"
"Exploring Meaningfulness of Nearest Neighbor Search in High-Dimensional Space","1","3","2","2","1","1","10","5","QP1,QP5,QP6,QP7,QS2"
"Shaking Up VLMs: Comparing Transformers and SSMs for VL Modeling","1","2","2","2","1","1","9","4","QP1,QP6,QP7,QS2"
"UniFashion: Unified VLM for Multimodal Fashion Retrieval and Generation","1","2","2","2","1","2","10","4","QP1,QP6,QP7,QS1"
"Rethinking Visual Prompting for MLLM with External Knowledge","1","2","2","1","0","1","7","3","QP1,QP6,QP7"
"RAVEN: Multitask Retrieval Augmented VL Learning","1","2","2","2","1","2","10","4","QP1,QP6,QP7,QS1"
"Exploring the Spectrum of Visio-Linguistic Compositionality and Recognition","1","2","2","2","1","1","9","4","QP1,QP6,QP7,QS1"
"Retrieval Augmented Structured Generation: Business Document Extraction","1","2","2","1","0","1","7","3","QP1,QP6,QP7"
"A Multimodal Approach for Cross-Domain Image Retrieval","1","2","2","1","0","1","7","4","QP1,QP6,QP7,QS2"
"RAR: Retrieving And Ranking Augmented MLLMs for Visual Recognition","2","3","3","2","1","2","13","6","QP1,QP5,QP6,QP7,QS1,QS2"
"MEDBind: Unifying Language and Multimodal Medical Data Embeddings","2","2","2","2","0","2","10","5","QP1,QP6,QP7,QS2,QS4"
"Improving fine-grained understanding in image-text pre-training","1","2","2","1","0","1","7","3","QP1,QP6,QP7"
"NEUCORE: Neural Concept Reasoning for Composed Image Retrieval","1","2","2","1","0","1","7","3","QP1,QP6,QP7"
"OpenFashionCLIP: VL Contrastive Learning with Open-Source Fashion Data","1","2","2","1","0","1","7","3","QP1,QP6,QP7"
"FIRE: Food Image to REcipe generation","1","2","2","1","0","1","7","3","QP1,QP6,QP7"
"Parameter-Efficient Transfer Learning for RS Image-Text Retrieval","1","2","2","1","0","1","7","3","QP1,QP6,QP7"
"EVE: Efficient VLP with Masked Prediction and Modality-Aware MoE","1","2","2","2","0","2","9","4","QP1,QP5,QP6,QP7"
"ViLLA: Fine-Grained VL Representation from Real-World Data","2","3","3","2","1","2","13","7","QP1,QP3,QP6,QP7,QS1,QS3,QS4"
"UniDiff: Advancing VLMs with Generative and Discriminative Learning","1","2","2","1","0","1","7","3","QP1,QP6,QP7"
"Automated Cardiovascular Record Retrieval by Multimodal Learning","2","2","2","1","0","1","8","5","QP1,QP6,QP7,QS3,QS4"
"Linking Representations with Multimodal Contrastive Learning","1","2","2","2","1","2","10","5","QP1,QP3,QP6,QP7,QS1,QS2"
"MaMMUT: A Simple Architecture for Joint Learning for MultiModal Tasks","1","2","2","1","0","1","7","3","QP1,QP6,QP7"
"Domain-adapted large language models for classifying nuclear medicine reports","1","2","2","1","0","1","7","3","QP1,QP6,QP7"
"Differentiable Outlier Detection Enable Robust Deep Multimodal Analysis","2","3","2","2","0","2","11","5","QP1,QP2,QP6,QP7"
"Compound Tokens: Channel Fusion for VL Representation Learning","1","2","2","1","0","1","7","3","QP1,QP6,QP7"
"MAP: Multimodal Uncertainty-Aware VLP Model","2","3","2","2","0","2","11","5","QP1,QP5,QP6,QP7"
"MAMO: Masked Multimodal Modeling for Fine-Grained VL Representation","1","2","2","2","0","2","9","4","QP1,QP5,QP6,QP7"
"ASIF: Coupled Data Turns Unimodal Models to Multimodal Without Training","2","3","3","2","1","2","13","7","QP1,QP5,QP6,QP7,QS1,QS2,QS3"
"TVLT: Textless Vision-Language Transformer","1","2","2","2","1","2","10","5","QP1,QP6,QP7,QS1,QS2"
"FashionViL: Fashion-Focused VL Representation Learning","1","2","2","2","0","2","9","5","QP1,QP6,QP7,QS2,QS3"
"MixGen: A New Multi-Modal Data Augmentation","1","2","2","2","1","1","9","4","QP1,QP6,QP7,QS1"
"Coarse-to-Fine VLP with Fusion in the Backbone (FIBER)","1","3","2","2","1","2","11","4","QP1,QP6,QP7,QS1"
"VL-BEiT: Generative Vision-Language Pretraining","1","2","2","2","0","2","9","4","QP1,QP6,QP7,QS2"
"CoCa: Contrastive Captioners are Image-Text Foundation Models","1","3","3","2","0","2","11","4","QP1,QP6,QP7,QS2"
"Unified Multimodal Pre-training and Prompt-based Tuning for VL","1","2","2","2","0","2","9","4","QP1,QP6,QP7,QS2"
"Constructing Phrase-level Semantic Labels for Multi-Grained Supervision","2","3","2","2","0","2","11","6","QP1,QP2,QP5,QP6,QP7,QS2"
"Decoupling Role of Data, Attention, and Losses in Multimodal Transformers","1","3","2","2","0","2","10","4","QP1,QP6,QP7,QS2"
"InterBERT: Vision-and-Language Interaction for Multi-modal Pretraining","1","2","2","2","1","2","10","5","QP1,QP6,QP7,QS1,QS2"
"UNITER: Universal Image-TExt Representation Learning","1","3","2","2","0","2","10","4","QP1,QP6,QP7,QS2"
"No Train, all Gain: Self-Supervised Gradients Improve Deep Frozen Representations","2","3","3","2","1","2","13","6","QP1,QP5,QP6,QP7,QS1,QS2"
"Analyzing Local Representations of Self-supervised Vision Transformers","1","2","2","2","0","1","8","4","QP1,QP6,QP7,QS2"
"RemoteCLIP: A VL Foundation Model for Remote Sensing","1","2","2","2","0","2","9","4","QP1,QP6,QP7,QS2"
"Retrieval-based Knowledge Augmented VLP","1","3","2","2","0","2","10","5","QP1,QP2,QP6,QP7,QS2"
"Lexi: Self-Supervised Learning of the UI Language","2","3","3","2","1","2","13","7","QP1,QP3,QP5,QP6,QP7,QS1,QS2"
"VL: Leveraging VLMs into Large-scale Product Retrieval","1","2","2","1","0","1","7","4","QP1,QP3,QP6,QS3"
"CLIP-Art: Contrastive Pre-training for Fine-Grained Art Classification","2","3","3","2","0","2","12","7","QP1,QP3,QP5,QP6,QP7,QS2,QS3"
"Visual Representation Learning with Self-Supervised Attention for Low-Label","2","3","3","2","1","2","13","8","QP1,QP3,QP5,QP6,QP7,QS1,QS2,QS3"
"Self-supervised Image-text Pre-training With Mixed Data In Chest X-rays","2","3","3","2","0","2","12","8","QP1,QP3,QP5,QP6,QP7,QS2,QS3,QS4"
